Subject,,,Faculty,,,Emeriti,,,Courtesy,,,Special Staff,,,Participating Faculty
bio,,,Alice Barkan,,,Andrew S. Bajer,,,Steven S. Rumrill,,,,,,
bio,,,Brendan J. M. Bohannan,,,Howard T. Bonnett Jr.,,,David H. Wagner,,,,,,
bio,,,Bruce A. Bowerman,,,Roderick A. Capaldi,,,,,,,,,
bio,,,William E. Bradshaw,,,George C. Carroll,,,,,,,,,
bio,,,Scott D. Bridgham,,,Richard W. Castenholz,,,,,,,,,
bio,,,Mark C. Carrier,,,Charles B. Kimmel,,,,,,,,,
bio,,,John S. Conery,,,Frederick W. Munz,,,,,,,,,
bio,,,William A. Cresko,,,Paul P. Rudy,,,,,,,,,
bio,,,Alan Dickman,,,Eric Schabtach,,,,,,,,,
bio,,,Chris Q. Doe,,,Lynda P. Shapiro,,,,,,,,,
bio,,,Judith S. Eisen,,,Franklin W. Stahl,,,,,,,,,
bio,,,Richard B. Emlet,,,Nora B. Terwilliger,,,,,,,,,
bio,,,Jessica L. Green,,,Daniel Udovic,,,,,,,,,
bio,,,Karen J. Guillemin,,,Norman K. Wessells,,,,,,,,,
bio,,,Victoria Herman,,,James A. Weston,,,,,,,,,
bio,,,Janet Hodder,,,Herbert P. Wisner,,,,,,,,,
bio,,,Cristin L. Hulslander,,,,,,,,,,,,
bio,,,Eric A. Johnson,,,,,,,,,,,,
bio,,,Alan J. Kelly,,,,,,,,,,,,
bio,,,Shawn R. Lockery,,,,,,,,,,,,
bio,,,V. Patteson Lombardi,,,,,,,,,,,,
bio,,,Svetlana Maslakova,,,,,,,,,,,,
bio,,,Cristopher M. Neill,,,,,,,,,,,,
bio,,,Peter M. O’Day,,,,,,,,,,,,
bio,,,Patrick C. Phillips,,,,,,,,,,,,
bio,,,John H. Postlethwait,,,,,,,,,,,,
bio,,,William Roberts,,,,,,,,,,,,
bio,,,Bitty A. Roy,,,,,,,,,,,,
bio,,,Debbie Schlenoff,,,,,,,,,,,,
bio,,,Eric Selker,,,,,,,,,,,,
bio,,,Jeanne M. Selker,,,,,,,,,,,,
bio,,,Alan Shanks,,,,,,,,,,,,
bio,,,George F. Sprague Jr.,,,,,,,,,,,,
bio,,,Karen U. Sprague,,,,,,,,,,,,
bio,,,Kryn Stankunas,,,,,,,,,,,,
bio,,,Carl A. Stiefbold,,,,,,,,,,,,
bio,,,Matthew A. Streisfeld,,,,,,,,,,,,
bio,,,Terry Takahashi,,,,,,,,,,,,
bio,,,Joseph W. Thornton,,,,,,,,,,,,
bio,,,Nathan J. Tublitz,,,,,,,,,,,,
bio,,,Philip E. Washbourne,,,,,,,,,,,,
bio,,,Janis C. Weeks,,,,,,,,,,,,
bio,,,Monte Westerfield,,,,,,,,,,,,
bio,,,Peter B. Wetherwax,,,,,,,,,,,,
bio,,,A. Michelle Wood,,,,,,,,,,,,
bio,,,Craig M. Young,,,,,,,,,,,,
bio,,,Hui Zong,,,,,,,,,,,,
biochem,,,Andy Berglund,,,Ralph J. Barnhard,,,,,,John Hardwick,,,
biochem,,,Shannon W. Boettcher,,,Bruce P. Branchaud,,,,,,,,,
biochem,,,Jeffrey A. Cina,,,Frederick W. Dahlquist,,,,,,,,,
biochem,,,Victoria J. De Rose,,,Thomas R. Dyke,,,,,,,,,
biochem,,,Kenneth M. Doxsee,,,O. Hayes Griffith,,,,,,,,,
biochem,,,Paul C. Engelking,,,David R. Herrick,,,,,,,,,
biochem,,,Deborah B. Exton,,,John F. W. Keana,,,,,,,,,
biochem,,,Marina G. Guenza,,,James W. Long,,,,,,,,,
biochem,,,Julie A. Haack,,,Robert M. Mazo,,,,,,,,,
biochem,,,Michael M. Haley,,,John A. Schellman,,,,,,,,,
biochem,,,Diane K. Hawley,,,Peter H. von Hippel,,,,,,,,,
biochem,,,James E. Hutchison,,,Raymond G. Wolfe Jr.,,,,,,,,,
biochem,,,Darren W. Johnson,,,,,,,,,,,,
biochem,,,David C. Johnson,,,,,,,,,,,,
biochem,,,Michael E. Kellman,,,,,,,,,,,,
biochem,,,Michael Koscho,,,,,,,,,,,,
biochem,,,Mark Lonergan,,,,,,,,,,,,
biochem,,,Andrew H. Marcus,,,,,,,,,,,,
biochem,,,George V. Nazin,,,,,,,,,,,,
biochem,,,Brad J. Nolen,,,,,,,,,,,,
biochem,,,Catherine J. Page,,,,,,,,,,,,
biochem,,,Michael D. Pluth,,,,,,,,,,,,
biochem,,,Kenneth E. Prehoda,,,,,,,,,,,,
biochem,,,Geraldine L. Richmond,,,,,,,,,,,,
biochem,,,Tom H. Stevens,,,,,,,,,,,,
biochem,,,"David R. ""Randy"" Sullivan",,,,,,,,,,,,
biochem,,,David R. Tyler,,,,,,,,,,,,
biochem,,,Gregory M. Williams,,,,,,,,,,,,
cis,,,Zena M. Ariola,,,Sarah A. Douglas,,,,,,,,,
cis,,,Hank Childs,,,Arthur M. Farley,,,,,,,,,
cis,,,Dejing Dou,,,Virginia M. Lo,,,,,,,,,
cis,,,Stuart Faulk,,,Eugene M. Luks,,,,,,,,,
cis,,,Stephen F. Fickas,,,Kent A. Stevens,,,,,,,,,
cis,,,Kathleen Freeman Hennessy,,,,,,,,,,,,
cis,,,Michael Hennessy,,,,,,,,,,,,
cis,,,Anthony J. Hornof,,,,,,,,,,,,
cis,,,Michel A. Kinsy,,,,,,,,,,,,
cis,,,Jun Li,,,,,,,,,,,,
cis,,,Daniel Lowd,,,,,,,,,,,,
cis,,,Allen D. Malony,,,,,,,,,,,,
cis,,,Boyana Norris,,,,,,,,,,,,
cis,,,Andrzej Proskurowski,,,,,,,,,,,,
cis,,,Reza Rejaie,,,,,,,,,,,,
cis,,,Eric D. Wills,,,,,,,,,,,,
cis,,,Christopher B. Wilson,,,,,,,,,,,,
cis,,,Michal Young,,,,,,,,,,,,
envs,,,Brendan J. M. Bohannan,,,,,,,,,,,,
envs,,,Peg Boulay,,,,,,,,,,,,
envs,,,Scott D. Bridgham,,,,,,,,,,,,
envs,,,Trudy Ann Cameron,,,,,,,,,,,,
envs,,,Matthew Dennis,,,,,,,,,,,,
envs,,,Alan Dickman,,,,,,,,,,,,
envs,,,Kathryn A. Lynch,,,,,,,,,,,,
envs,,,Richard D. Margerum,,,,,,,,,,,,
envs,,,Patricia F. McDowell,,,,,,,,,,,,
envs,,,Ronald B. Mitchell,,,,,,,,,,,,
envs,,,Brook Muller,,,,,,,,,,,,
envs,,,Kari Norgaard,,,,,,,,,,,,
envs,,,Joshua J. Roering,,,,,,,,,,,,
envs,,,David Sutherland,,,,,,,,,,,,
envs,,,Ted Toadvine,,,,,,,,,,,,
envs,,,Peter A. Walker,,,,,,,,,,,,
envs,,,Marsha Weisiger,,,,,,,,,,,,
envs,,,Louise Westling,,,,,,,,,,,,
envs,,,Richard York,,,,,,,,,,,,
huphys,,,Li-Shan Chou,,,Barry T. Bates,,,John Brandon,,,,,,
huphys,,,Anita Christie,,,Gary A. Klug,,,Richard L. Brown,,,,,,
huphys,,,Sierra Dawson,,,Louis R. Osternig,,,Chien-Chi Chang,,,,,,
huphys,,,Hans Dreyer,,,Richard K. Troxel,,,Mark S. Chesnutt,,,,,,
huphys,,,Jeffrey Gilbert,,,Marjorie Woollacott,,,Michael Colasurdo,,,,,,
huphys,,,Grace Golden,,,,,,Dennis Collis,,,,,,
huphys,,,Michael Hahn,,,,,,Mathews Fish,,,,,,
huphys,,,John Halliwill,,,,,,Daniel Fitzpatrick,,,,,,
huphys,,,Andrew Karduna,,,,,,Igor Gladstone,,,,,,
huphys,,,Andrew Lovering,,,,,,Randall Goodman,,,,,,
huphys,,,Christopher T. Minson,,,,,,Sarah Grall,,,,,,
huphys,,,Jon Runyeon,,,,,,Aaron Harding,,,,,,
huphys,,,,,,,,,Jerold Hawn,,,,,,
huphys,,,,,,,,,Stanley L. James,,,,,,
huphys,,,,,,,,,Brian Jewett,,,,,,
huphys,,,,,,,,,Donald C. Jones,,,,,,
huphys,,,,,,,,,Paul Kaplan,,,,,,
huphys,,,,,,,,,Vern Katz,,,,,,
huphys,,,,,,,,,Peter Kosek,,,,,,
huphys,,,,,,,,,Brett (Brick) Lantz,,,,,,
huphys,,,,,,,,,Samuel Lau,,,,,,
huphys,,,,,,,,,Victor Lin,,,,,,
huphys,,,,,,,,,John Melton,,,,,,
huphys,,,,,,,,,Brian Nichols,,,,,,
huphys,,,,,,,,,Richard Padgett,,,,,,
huphys,,,,,,,,,Rick Robertson,,,,,,
huphys,,,,,,,,,Anne Shumway-Cook,,,,,,
huphys,,,,,,,,,Kenneth M. Singer,,,,,,
huphys,,,,,,,,,Kimberly Terrell,,,,,,
math,,,Shabnam Akhtari,,,Frank W. Anderson,,,Robert M. Solovay,,,,,,
math,,,Arkadiy D. Berenstein,,,Fred C. Andrews,,,,,,,,,
math,,,Boris Botvinnik,,,Bruce A. Barnes,,,,,,,,,
math,,,Marcin Bownik,,,Richard B. Barrar,,,,,,,,,
math,,,Jonathan Brundan,,,Glenn T. Beelman,,,,,,,,,
math,,,Daniel K. Dugger,,,Charles W. Curtis,,,,,,,,,
math,,,Peter B. Gilkey,,,Micheal N. Dyer,,,,,,,,,
math,,,Hayden Harker,,,Robert S. Freeman,,,,,,,,,
math,,,Weiyong He,,,William M. Kantor,,,,,,,,,
math,,,Fred Hervert,,,Richard M. Koch,,,,,,,,,
math,,,James A. Isenberg,,,John V. Leahy,,,,,,,,,
math,,,Alexander S. Kleshchev,,,Shlomo Libeskind,,,,,,,,,
math,,,David A. Levin,,,Theodore W. Palmer,,,,,,,,,
math,,,Huaxin Lin,,,Kenneth A. Ross,,,,,,,,,
math,,,Peng Lu,,,Gary M. Seitz,,,,,,,,,
math,,,Jean B. Nganou,,,Allan J. Sieradski,,,,,,,,,
math,,,Victor V. Ostrik,,,Stuart Thomas,,,,,,,,,
math,,,N. Christopher Phillips,,,Donald R. Truax,,,,,,,,,
math,,,Alexander Polishchuk,,,Marie A. Vitulli,,,,,,,,,
math,,,Michael R. Price,,,Marion I. Walter,,,,,,,,,
math,,,Nicholas J. Proudfoot,,,Lewis E. Ward Jr.,,,,,,,,,
math,,,Hal Sadofsky,,,Jerry M. Wolfe,,,,,,,,,
math,,,Brad S. Shelton,,,Charles R. B. Wright,,,,,,,,,
math,,,Christopher D. Sinclair,,,,,,,,,,,,
math,,,Dev P. Sinha,,,,,,,,,,,,
math,,,Bartlomiej A. Siudeja,,,,,,,,,,,,
math,,,Craig Tingey,,,,,,,,,,,,
math,,,Arkady Vaintrob,,,,,,,,,,,,
math,,,Vadim Vologodski,,,,,,,,,,,,
math,,,Hao Wang,,,,,,,,,,,,
math,,,Micah Warren,,,,,,,,,,,,
math,,,Yuan Xu,,,,,,,,,,,,
math,,,Benjamin Young,,,,,,,,,,,,
math,,,Sergey Yuzvinsky,,,,,,,,,,,,
physics,,,Dietrich Belitz,,,Bernd Crasemann,,,,,,Robert Schofield,,,
physics,,,Gregory D. Bothun,,,Marvin D. Girardeau,,,,,,Nikolai Sinev,,,
physics,,,James E. Brau,,,Rudolph C. Hwa,,,,,,Frank Vignola,,,
physics,,,Spencer Chang,,,Harlan Lefevre,,,,,,,,,
physics,,,Eric Corwin,,,Joel W. McClure Jr.,,,,,,,,,
physics,,,Paul L. Csonka,,,David K. McDaniels,,,,,,,,,
physics,,,Nilendra G. Deshpande,,,John T. Moseley,,,,,,,,,
physics,,,Miriam Deutsch,,,Jack C. Overley,,,,,,,,,
physics,,,Russell J. Donnelly,,,Kwangjai Park,,,,,,,,,
physics,,,R. Scott Fisher,,,George W. Rayfield,,,,,,,,,
physics,,,Raymond E. Frey,,,David R. Sokoloff,,,,,,,,,
physics,,,Stephen Gregory,,,Robert L. Zimmerman,,,,,,,,,
physics,,,Roger Haydock,,,,,,,,,,,,
physics,,,Stephen D. H. Hsu,,,,,,,,,,,,
physics,,,James N. Imamura,,,,,,,,,,,,
physics,,,Timothy Jenkins,,,,,,,,,,,,
physics,,,Stephen D. Kevan,,,,,,,,,,,,
physics,,,Graham Kribs,,,,,,,,,,,,
physics,,,Dean W. Livelybrooks,,,,,,,,,,,,
physics,,,Stephanie Majewski,,,,,,,,,,,,
physics,,,Brian W. Matthews,,,,,,,,,,,,
physics,,,Benjamin McMorran,,,,,,,,,,,,
physics,,,Stanley J. Micklavzina,,,,,,,,,,,,
physics,,,Jens Nockel,,,,,,,,,,,,
physics,,,Raghuveer Parthasarathy,,,,,,,,,,,,
physics,,,Michael G. Raymer,,,,,,,,,,,,
physics,,,Stephen J. Remington,,,,,,,,,,,,
physics,,,James M. Schombert,,,,,,,,,,,,
physics,,,Davison E. Soper,,,,,,,,,,,,
physics,,,Daniel Steck,,,,,,,,,,,,
physics,,,David M. Strom,,,,,,,,,,,,
physics,,,Richard P. Taylor,,,,,,,,,,,,
physics,,,John J. Toner,,,,,,,,,,,,
physics,,,Eric Torrence,,,,,,,,,,,,
physics,,,Steven J. van Enk,,,,,,,,,,,,
physics,,,Hailin Wang,,,,,,,,,,,,
psy,,,Jennifer Ablow,,,Lewis R. Goldberg,,,,,,,,,
psy,,,Nicholas Allen,,,Barbara Gordon-Lickey,,,,,,,,,
psy,,,Holly Arrow,,,Marvin Gordon-Lickey,,,,,,,,,
psy,,,Edward Awh,,,Douglas L. Hintzman,,,,,,,,,
psy,,,Dare A. Baldwin,,,Ray Hyman,,,,,,,,,
psy,,,Elliot Berkman,,,Carolin Keutzer,,,,,,,,,
psy,,,Paul Dassonville,,,Daniel P. Kimble,,,,,,,,,
psy,,,Kimberly Andrews Espy,,,Peter M. Lewinsohn,,,,,,,,,
psy,,,Philip A. Fisher,,,Edward Lichtenstein,,,,,,,,,
psy,,,Jennifer J. Freyd,,,Richard A. Littman,,,,,,,,,
psy,,,Gordon C. Nagayama Hall,,,Richard Marrocco,,,,,,,,,
psy,,,Sara D. Hodges,,,Michael I. Posner,,,,,,,,,
psy,,,Clifford Kentros,,,Mary K. Rothbart,,,,,,,,,
psy,,,Heidemarie K. Laurent,,,Myron Rothbart,,,,,,,,,
psy,,,Robert Mauro,,,Norman D. Sundberg,,,,,,,,,
psy,,,Ulrich Mayr,,,Robert L. Weiss,,,,,,,,,
psy,,,Jeffrey Measelle,,,,,,,,,,,,
psy,,,Pranjal Mehta,,,,,,,,,,,,
psy,,,Louis J. Moses,,,,,,,,,,,,
psy,,,Helen Neville,,,,,,,,,,,,
psy,,,Jennifer Pfeifer,,,,,,,,,,,,
psy,,,Gerard Saucier,,,,,,,,,,,,
psy,,,Margaret E. Sereno,,,,,,,,,,,,
psy,,,Azim Shariff,,,,,,,,,,,,
psy,,,Paul Slovic,,,,,,,,,,,,
psy,,,Sanjay Srivastava,,,,,,,,,,,,
psy,,,Marjorie Taylor,,,,,,,,,,,,
psy,,,Don M. Tucker,,,,,,,,,,,,
psy,,,Nash Unsworth,,,,,,,,,,,,
psy,,,Edward Vogel,,,,,,,,,,,,
psy,,,Michael Wehr,,,,,,,,,,,,
neuro,,,,,,,,,,,,,,,Edward Awh
neuro,,,,,,,,,,,,,,,Paul Dassonville
neuro,,,,,,,,,,,,,,,Chris Q. Doe
neuro,,,,,,,,,,,,,,,Judith S. Eisen
neuro,,,,,,,,,,,,,,,Clifford Kentros
neuro,,,,,,,,,,,,,,,Charles B. Kimmel
neuro,,,,,,,,,,,,,,,Shawn R. Lockery
neuro,,,,,,,,,,,,,,,Helen Neville
neuro,,,,,,,,,,,,,,,Peter M. O’Day
neuro,,,,,,,,,,,,,,,Cristopher Neill
neuro,,,,,,,,,,,,,,,John H. Postlethwait
neuro,,,,,,,,,,,,,,,William Roberts
neuro,,,,,,,,,,,,,,,Terry Takahashi
neuro,,,,,,,,,,,,,,,Edward Vogel
neuro,,,,,,,,,,,,,,,Philip E. Washbourne
neuro,,,,,,,,,,,,,,,Janis C. Weeks
neuro,,,,,,,,,,,,,,,Michael Wehr
neuro,,,,,,,,,,,,,,,Monte Westerfield
neuro,,,,,,,,,,,,,,,Marjorie Woollacott
earthsci,,,Ilya N. Bindeman,,,Sam Boggs,,,David Krinsley,,,John Donovan,,,
earthsci,,,Katharine V. Cashman,,,M. Allan Kays,,,John M. Logan,,,Dennis K. Fletcher,,,
earthsci,,,Edward B. Davis,,,Alexander R. McBirney,,,,,,James Palandri,,,
earthsci,,,Rebecca J. Dorsey,,,William N. Orr,,,,,,,,,
earthsci,,,Emilie Hooft Toomey,,,Jack M. Rice,,,,,,,,,
earthsci,,,Eugene D. Humphreys,,,Norman M. Savage,,,,,,,,,
earthsci,,,Qusheng Jin,,,Harve S. Waff,,,,,,,,,
earthsci,,,A. Dana Johnston,,,Daniel Weill,,,,,,,,,
earthsci,,,Marli B. Miller,,,,,,,,,,,,
earthsci,,,Mark H. Reed,,,,,,,,,,,,
earthsci,,,Alan W. Rempel,,,,,,,,,,,,
earthsci,,,Gregory J. Retallack,,,,,,,,,,,,
earthsci,,,Joshua J. Roering,,,,,,,,,,,,
earthsci,,,David A. Sutherland,,,,,,,,,,,,
earthsci,,,Amanda M. Thomas,,,,,,,,,,,,
earthsci,,,Douglas R. Toomey,,,,,,,,,,,,
earthsci,,,Paul J. Wallace,,,,,,,,,,,,
earthsci,,,James M. Watkins,,,,,,,,,,,,
earthsci,,,Ray J. Weldon,,,,,,,,,,,,
anth,,,William S. Ayres,,,C. Melvin Aikens,,,,,,,,,
anth,,,Diane B. Baxter,,,Don E. Dumond,,,,,,,,,
anth,,,Aletta Biersack,,,John R. Lukacs,,,,,,,,,
anth,,,Jon M. Erlandson,,,Geraldine Moreno Black,,,,,,,,,
anth,,,Stephen R. Frost,,,Paul E. Simonds,,,,,,,,,
anth,,,Lamia Karim,,,Harry F. Wolcott,,,,,,,,,
anth,,,Gyoung-Ah Lee,,,Philip D. Young,,,,,,,,,
anth,,,Sandra L. Morgen,,,,,,,,,,,,
anth,,,Madonna L. Moss,,,,,,,,,,,,
anth,,,Theresa D. O’Nell,,,,,,,,,,,,
anth,,,Philip W. Scher,,,,,,,,,,,,
anth,,,Carol T. Silverman,,,,,,,,,,,,
anth,,,J. Josh Snodgrass,,,,,,,,,,,,
anth,,,Lynn Stephen,,,,,,,,,,,,
anth,,,Kirstin Sterner,,,,,,,,,,,,
anth,,,Lawrence S. Sugiyama,,,,,,,,,,,,
anth,,,Nelson Ting,,,,,,,,,,,,
anth,,,Frances J. White,,,,,,,,,,,,
anth,,,Stephen R. Wooten,,,,,,,,,,,,
geo,,,Patrick J. Bartlein,,,Stanton A. Cook,,,,,,Blake Andrew,,,
geo,,,Christopher Bone,,,Susan W. Hardwick,,,,,,Jacob Bartruff,,,
geo,,,Daniel P. Buck,,,Carl L. Johannessen,,,,,,Clark,,,
geo,,,Shaul E. Cohen,,,Clyde P. Patton,,,,,,Donald G. Holtgrieve,,,
geo,,,Mark Fonstad,,,Everett G. Smith Jr.,,,,,,Kenneth Kato,,,
geo,,,Daniel Gavin,,,Alvin W. Urquhart,,,,,,Nicholas P. Kohler,,,
geo,,,Derrick Hindery,,,Ronald Wixman,,,,,,Alethea Steingisser,,,
geo,,,Amy K. Lobben,,,,,,,,,,,,
geo,,,W. Andrew Marcus,,,,,,,,,,,,
geo,,,Patricia F. McDowell,,,,,,,,,,,,
geo,,,James E. Meacham,,,,,,,,,,,,
geo,,,Katharine Meehan,,,,,,,,,,,,
geo,,,Alexander B. Murphy,,,,,,,,,,,,
geo,,,Lise Nelson,,,,,,,,,,,,
geo,,,Xiaobo Su,,,,,,,,,,,,
geo,,,Peter A. Walker,,,,,,,,,,,,
